{
 "actions": [],
 "allow_rename": 1,
 "creation": "2025-02-27 16:32:29.172425",
 "doctype": "DocType",
 "editable_grid": 1,
 "engine": "InnoDB",
 "field_order": [
  "employee",
  "employee_name",
  "department",
  "column_break_ignm",
  "designation",
  "employment_type",
  "paid_amount_by_company"
 ],
 "fields": [
  {
   "columns": 2,
   "fieldname": "employee",
   "fieldtype": "Link",
   "in_list_view": 1,
   "label": "Employee",
   "options": "Employee"
  },
  {
   "columns": 2,
   "fetch_from": "employee.employee_name",
   "fieldname": "employee_name",
   "fieldtype": "Data",
   "in_list_view": 1,
   "label": "Employee Name"
  },
  {
   "fetch_from": "employee.department",
   "fieldname": "department",
   "fieldtype": "Data",
   "label": "Department"
  },
  {
   "fetch_from": "employee.designation",
   "fieldname": "designation",
   "fieldtype": "Data",
   "label": "Designation"
  },
  {
   "columns": 2,
   "fetch_from": "employee.employment_type",
   "fieldname": "employment_type",
   "fieldtype": "Data",
   "in_list_view": 1,
   "label": "Employment Type"
  },
  {
   "fieldname": "column_break_ignm",
   "fieldtype": "Column Break"
  },
  {
   "columns": 3,
   "default": "0",
   "fieldname": "paid_amount_by_company",
   "fieldtype": "Check",
   "in_list_view": 1,
   "label": "Paid amount by Company"
  }
 ],
 "index_web_pages_for_search": 1,
 "istable": 1,
 "links": [],
 "modified": "2025-02-27 16:44:03.336986",
 "modified_by": "Administrator",
 "module": "Innovative HR",
 "name": "Guest House Employees",
 "owner": "Administrator",
 "permissions": [],
 "sort_field": "modified",
 "sort_order": "DESC",
 "states": []
}