[
 {
  "allow_in_quick_entry": 0,
  "allow_on_submit": 0,
  "bold": 0,
  "collapsible": 0,
  "collapsible_depends_on": null,
  "columns": 0,
  "default": null,
  "depends_on": null,
  "description": null,
  "docstatus": 0,
  "doctype": "Custom Field",
  "dt": "Employee",
  "fetch_from": null,
  "fetch_if_empty": 0,
  "fieldname": "custom_contractor",
  "fieldtype": "Link",
  "hidden": 0,
  "hide_border": 0,
  "hide_days": 0,
  "hide_seconds": 0,
  "ignore_user_permissions": 0,
  "ignore_xss_filter": 0,
  "in_global_search": 0,
  "in_list_view": 0,
  "in_preview": 0,
  "in_standard_filter": 0,
  "insert_after": "employment_type",
  "is_system_generated": 0,
  "is_virtual": 0,
  "label": "Contractor",
  "length": 0,
  "link_filters": null,
  "mandatory_depends_on": null,
  "modified": "2025-03-05 14:06:38.101938",
  "module": "Innovative HR",
  "name": "Employee-custom_contractor",
  "no_copy": 0,
  "non_negative": 0,
  "options": "Contractor Company",
  "permlevel": 0,
  "placeholder": null,
  "precision": "",
  "print_hide": 0,
  "print_hide_if_no_value": 0,
  "print_width": null,
  "read_only": 0,
  "read_only_depends_on": null,
  "report_hide": 0,
  "reqd": 0,
  "search_index": 0,
  "show_dashboard": 0,
  "sort_options": 0,
  "translatable": 0,
  "unique": 0,
  "width": null
 },
 {
  "allow_in_quick_entry": 0,
  "allow_on_submit": 0,
  "bold": 0,
  "collapsible": 0,
  "collapsible_depends_on": null,
  "columns": 0,
  "default": null,
  "depends_on": null,
  "description": null,
  "docstatus": 0,
  "doctype": "Custom Field",
  "dt": "Employee",
  "fetch_from": null,
  "fetch_if_empty": 0,
  "fieldname": "custom_sub_department",
  "fieldtype": "Link",
  "hidden": 0,
  "hide_border": 0,
  "hide_days": 0,
  "hide_seconds": 0,
  "ignore_user_permissions": 0,
  "ignore_xss_filter": 0,
  "in_global_search": 0,
  "in_list_view": 0,
  "in_preview": 0,
  "in_standard_filter": 0,
  "insert_after": "column_break_25",
  "is_system_generated": 0,
  "is_virtual": 0,
  "label": "Sub-Department",
  "length": 0,
  "link_filters": null,
  "mandatory_depends_on": null,
  "modified": "2025-02-27 17:28:44.367297",
  "module": "Innovative HR",
  "name": "Employee-custom_sub_department",
  "no_copy": 0,
  "non_negative": 0,
  "options": "Sub Department",
  "permlevel": 0,
  "placeholder": null,
  "precision": "",
  "print_hide": 0,
  "print_hide_if_no_value": 0,
  "print_width": null,
  "read_only": 0,
  "read_only_depends_on": null,
  "report_hide": 0,
  "reqd": 0,
  "search_index": 0,
  "show_dashboard": 0,
  "sort_options": 0,
  "translatable": 0,
  "unique": 0,
  "width": null
 },
 {
  "_liked_by": "[\"Administrator\"]",
  "allow_in_quick_entry": 0,
  "allow_on_submit": 0,
  "bold": 0,
  "collapsible": 0,
  "collapsible_depends_on": null,
  "columns": 0,
  "default": null,
  "depends_on": null,
  "description": null,
  "docstatus": 0,
  "doctype": "Custom Field",
  "dt": "Employee",
  "fetch_from": "reports_to.employee_name",
  "fetch_if_empty": 0,
  "fieldname": "custom_reporting_manager_name",
  "fieldtype": "Data",
  "hidden": 0,
  "hide_border": 0,
  "hide_days": 0,
  "hide_seconds": 0,
  "ignore_user_permissions": 0,
  "ignore_xss_filter": 0,
  "in_global_search": 0,
  "in_list_view": 0,
  "in_preview": 0,
  "in_standard_filter": 0,
  "insert_after": "grade",
  "is_system_generated": 0,
  "is_virtual": 0,
  "label": "Reporting Manager Name",
  "length": 0,
  "link_filters": null,
  "mandatory_depends_on": null,
  "modified": "2025-03-05 14:04:18.988995",
  "module": "Innovative HR",
  "name": "Employee-custom_reporting_manager_name",
  "no_copy": 0,
  "non_negative": 0,
  "options": null,
  "permlevel": 0,
  "placeholder": null,
  "precision": "",
  "print_hide": 0,
  "print_hide_if_no_value": 0,
  "print_width": null,
  "read_only": 0,
  "read_only_depends_on": null,
  "report_hide": 0,
  "reqd": 0,
  "search_index": 0,
  "show_dashboard": 0,
  "sort_options": 0,
  "translatable": 0,
  "unique": 0,
  "width": null
 },
 {
  "allow_in_quick_entry": 0,
  "allow_on_submit": 0,
  "bold": 0,
  "collapsible": 0,
  "collapsible_depends_on": null,
  "columns": 0,
  "default": null,
  "depends_on": null,
  "description": null,
  "docstatus": 0,
  "doctype": "Custom Field",
  "dt": "Salary Slip",
  "fetch_from": null,
  "fetch_if_empty": 0,
  "fieldname": "custom_ot_hours",
  "fieldtype": "Float",
  "hidden": 0,
  "hide_border": 0,
  "hide_days": 0,
  "hide_seconds": 0,
  "ignore_user_permissions": 0,
  "ignore_xss_filter": 0,
  "in_global_search": 0,
  "in_list_view": 0,
  "in_preview": 0,
  "in_standard_filter": 0,
  "insert_after": "payment_days",
  "is_system_generated": 0,
  "is_virtual": 0,
  "label": "OT Hours",
  "length": 0,
  "link_filters": null,
  "mandatory_depends_on": null,
  "modified": "2025-02-03 18:27:16.660622",
  "module": "Innovative HR",
  "name": "Salary Slip-custom_ot_hours",
  "no_copy": 0,
  "non_negative": 0,
  "options": null,
  "permlevel": 0,
  "placeholder": null,
  "precision": "2",
  "print_hide": 0,
  "print_hide_if_no_value": 0,
  "print_width": null,
  "read_only": 0,
  "read_only_depends_on": null,
  "report_hide": 0,
  "reqd": 0,
  "search_index": 0,
  "show_dashboard": 0,
  "sort_options": 0,
  "translatable": 0,
  "unique": 0,
  "width": null
 },
 {
  "allow_in_quick_entry": 0,
  "allow_on_submit": 0,
  "bold": 0,
  "collapsible": 0,
  "collapsible_depends_on": null,
  "columns": 0,
  "default": "No",
  "depends_on": null,
  "description": null,
  "docstatus": 0,
  "doctype": "Custom Field",
  "dt": "Employee",
  "fetch_from": null,
  "fetch_if_empty": 0,
  "fieldname": "custom_bus_consent",
  "fieldtype": "Select",
  "hidden": 0,
  "hide_border": 0,
  "hide_days": 0,
  "hide_seconds": 0,
  "ignore_user_permissions": 0,
  "ignore_xss_filter": 0,
  "in_global_search": 0,
  "in_list_view": 0,
  "in_preview": 0,
  "in_standard_filter": 0,
  "insert_after": "provident_fund_account",
  "is_system_generated": 0,
  "is_virtual": 0,
  "label": "Bus Consent",
  "length": 0,
  "link_filters": null,
  "mandatory_depends_on": null,
  "modified": "2025-02-19 17:54:55.605415",
  "module": "Innovative HR",
  "name": "Employee-custom_bus_consent",
  "no_copy": 0,
  "non_negative": 0,
  "options": "Yes\nNo",
  "permlevel": 0,
  "placeholder": null,
  "precision": "",
  "print_hide": 0,
  "print_hide_if_no_value": 0,
  "print_width": null,
  "read_only": 0,
  "read_only_depends_on": null,
  "report_hide": 0,
  "reqd": 0,
  "search_index": 0,
  "show_dashboard": 0,
  "sort_options": 0,
  "translatable": 0,
  "unique": 0,
  "width": null
 },
 {
  "allow_in_quick_entry": 0,
  "allow_on_submit": 0,
  "bold": 0,
  "collapsible": 0,
  "collapsible_depends_on": null,
  "columns": 0,
  "default": null,
  "depends_on": "eval:doc.employment_type=='Worker'",
  "description": null,
  "docstatus": 0,
  "doctype": "Custom Field",
  "dt": "Employee",
  "fetch_from": null,
  "fetch_if_empty": 0,
  "fieldname": "custom_salary_breakup",
  "fieldtype": "Tab Break",
  "hidden": 0,
  "hide_border": 0,
  "hide_days": 0,
  "hide_seconds": 0,
  "ignore_user_permissions": 0,
  "ignore_xss_filter": 0,
  "in_global_search": 0,
  "in_list_view": 0,
  "in_preview": 0,
  "in_standard_filter": 0,
  "insert_after": "iban",
  "is_system_generated": 0,
  "is_virtual": 0,
  "label": "Salary Break-up",
  "length": 0,
  "link_filters": null,
  "mandatory_depends_on": null,
  "modified": "2025-02-19 17:54:55.924239",
  "module": "Innovative HR",
  "name": "Employee-custom_salary_breakup",
  "no_copy": 0,
  "non_negative": 0,
  "options": null,
  "permlevel": 0,
  "placeholder": null,
  "precision": "",
  "print_hide": 0,
  "print_hide_if_no_value": 0,
  "print_width": null,
  "read_only": 0,
  "read_only_depends_on": null,
  "report_hide": 0,
  "reqd": 0,
  "search_index": 0,
  "show_dashboard": 0,
  "sort_options": 0,
  "translatable": 0,
  "unique": 0,
  "width": null
 },
 {
  "allow_in_quick_entry": 0,
  "allow_on_submit": 0,
  "bold": 0,
  "collapsible": 0,
  "collapsible_depends_on": null,
  "columns": 0,
  "default": null,
  "depends_on": null,
  "description": null,
  "docstatus": 0,
  "doctype": "Custom Field",
  "dt": "Employee",
  "fetch_from": null,
  "fetch_if_empty": 0,
  "fieldname": "custom_gross_salary",
  "fieldtype": "Currency",
  "hidden": 0,
  "hide_border": 0,
  "hide_days": 0,
  "hide_seconds": 0,
  "ignore_user_permissions": 0,
  "ignore_xss_filter": 0,
  "in_global_search": 0,
  "in_list_view": 0,
  "in_preview": 0,
  "in_standard_filter": 0,
  "insert_after": "custom_salary_breakup",
  "is_system_generated": 0,
  "is_virtual": 0,
  "label": "Gross Salary",
  "length": 0,
  "link_filters": null,
  "mandatory_depends_on": null,
  "modified": "2025-02-19 17:54:58.662872",
  "module": "Innovative HR",
  "name": "Employee-custom_gross_salary",
  "no_copy": 0,
  "non_negative": 0,
  "options": null,
  "permlevel": 0,
  "placeholder": null,
  "precision": "2",
  "print_hide": 0,
  "print_hide_if_no_value": 0,
  "print_width": null,
  "read_only": 0,
  "read_only_depends_on": null,
  "report_hide": 0,
  "reqd": 0,
  "search_index": 0,
  "show_dashboard": 0,
  "sort_options": 0,
  "translatable": 0,
  "unique": 0,
  "width": null
 },
 {
  "allow_in_quick_entry": 0,
  "allow_on_submit": 0,
  "bold": 0,
  "collapsible": 0,
  "collapsible_depends_on": null,
  "columns": 0,
  "default": null,
  "depends_on": null,
  "description": null,
  "docstatus": 0,
  "doctype": "Custom Field",
  "dt": "Employee",
  "fetch_from": null,
  "fetch_if_empty": 0,
  "fieldname": "custom_basic",
  "fieldtype": "Currency",
  "hidden": 0,
  "hide_border": 0,
  "hide_days": 0,
  "hide_seconds": 0,
  "ignore_user_permissions": 0,
  "ignore_xss_filter": 0,
  "in_global_search": 0,
  "in_list_view": 0,
  "in_preview": 0,
  "in_standard_filter": 0,
  "insert_after": "custom_gross_salary",
  "is_system_generated": 0,
  "is_virtual": 0,
  "label": "Basic",
  "length": 0,
  "link_filters": null,
  "mandatory_depends_on": null,
  "modified": "2025-02-19 17:54:56.100254",
  "module": "Innovative HR",
  "name": "Employee-custom_basic",
  "no_copy": 0,
  "non_negative": 0,
  "options": null,
  "permlevel": 0,
  "placeholder": null,
  "precision": "2",
  "print_hide": 0,
  "print_hide_if_no_value": 0,
  "print_width": null,
  "read_only": 0,
  "read_only_depends_on": null,
  "report_hide": 0,
  "reqd": 0,
  "search_index": 0,
  "show_dashboard": 0,
  "sort_options": 0,
  "translatable": 0,
  "unique": 0,
  "width": null
 },
 {
  "allow_in_quick_entry": 0,
  "allow_on_submit": 0,
  "bold": 0,
  "collapsible": 0,
  "collapsible_depends_on": null,
  "columns": 0,
  "default": null,
  "depends_on": null,
  "description": null,
  "docstatus": 0,
  "doctype": "Custom Field",
  "dt": "Employee",
  "fetch_from": null,
  "fetch_if_empty": 0,
  "fieldname": "custom_da_special_allowance",
  "fieldtype": "Currency",
  "hidden": 0,
  "hide_border": 0,
  "hide_days": 0,
  "hide_seconds": 0,
  "ignore_user_permissions": 0,
  "ignore_xss_filter": 0,
  "in_global_search": 0,
  "in_list_view": 0,
  "in_preview": 0,
  "in_standard_filter": 0,
  "insert_after": "custom_basic",
  "is_system_generated": 0,
  "is_virtual": 0,
  "label": "DA/Special Allowance",
  "length": 0,
  "link_filters": null,
  "mandatory_depends_on": null,
  "modified": "2025-02-19 17:54:56.273784",
  "module": "Innovative HR",
  "name": "Employee-custom_da_special_allowance",
  "no_copy": 0,
  "non_negative": 0,
  "options": null,
  "permlevel": 0,
  "placeholder": null,
  "precision": "2",
  "print_hide": 0,
  "print_hide_if_no_value": 0,
  "print_width": null,
  "read_only": 0,
  "read_only_depends_on": null,
  "report_hide": 0,
  "reqd": 0,
  "search_index": 0,
  "show_dashboard": 0,
  "sort_options": 0,
  "translatable": 0,
  "unique": 0,
  "width": null
 },
 {
  "allow_in_quick_entry": 0,
  "allow_on_submit": 0,
  "bold": 0,
  "collapsible": 0,
  "collapsible_depends_on": null,
  "columns": 0,
  "default": null,
  "depends_on": null,
  "description": null,
  "docstatus": 0,
  "doctype": "Custom Field",
  "dt": "Employee",
  "fetch_from": null,
  "fetch_if_empty": 0,
  "fieldname": "custom_hra",
  "fieldtype": "Currency",
  "hidden": 0,
  "hide_border": 0,
  "hide_days": 0,
  "hide_seconds": 0,
  "ignore_user_permissions": 0,
  "ignore_xss_filter": 0,
  "in_global_search": 0,
  "in_list_view": 0,
  "in_preview": 0,
  "in_standard_filter": 0,
  "insert_after": "custom_da_special_allowance",
  "is_system_generated": 0,
  "is_virtual": 0,
  "label": "HRA",
  "length": 0,
  "link_filters": null,
  "mandatory_depends_on": null,
  "modified": "2025-02-19 17:54:56.455303",
  "module": "Innovative HR",
  "name": "Employee-custom_hra",
  "no_copy": 0,
  "non_negative": 0,
  "options": null,
  "permlevel": 0,
  "placeholder": null,
  "precision": "2",
  "print_hide": 0,
  "print_hide_if_no_value": 0,
  "print_width": null,
  "read_only": 0,
  "read_only_depends_on": null,
  "report_hide": 0,
  "reqd": 0,
  "search_index": 0,
  "show_dashboard": 0,
  "sort_options": 0,
  "translatable": 0,
  "unique": 0,
  "width": null
 },
 {
  "allow_in_quick_entry": 0,
  "allow_on_submit": 0,
  "bold": 0,
  "collapsible": 0,
  "collapsible_depends_on": null,
  "columns": 0,
  "default": null,
  "depends_on": null,
  "description": null,
  "docstatus": 0,
  "doctype": "Custom Field",
  "dt": "Employee",
  "fetch_from": null,
  "fetch_if_empty": 0,
  "fieldname": "custom_color_matching_allowance",
  "fieldtype": "Currency",
  "hidden": 0,
  "hide_border": 0,
  "hide_days": 0,
  "hide_seconds": 0,
  "ignore_user_permissions": 0,
  "ignore_xss_filter": 0,
  "in_global_search": 0,
  "in_list_view": 0,
  "in_preview": 0,
  "in_standard_filter": 0,
  "insert_after": "custom_hra",
  "is_system_generated": 0,
  "is_virtual": 0,
  "label": "Color Matching Allowance",
  "length": 0,
  "link_filters": null,
  "mandatory_depends_on": null,
  "modified": "2025-02-19 17:54:56.629174",
  "module": "Innovative HR",
  "name": "Employee-custom_color_matching_allowance",
  "no_copy": 0,
  "non_negative": 0,
  "options": null,
  "permlevel": 0,
  "placeholder": null,
  "precision": "2",
  "print_hide": 0,
  "print_hide_if_no_value": 0,
  "print_width": null,
  "read_only": 0,
  "read_only_depends_on": null,
  "report_hide": 0,
  "reqd": 0,
  "search_index": 0,
  "show_dashboard": 0,
  "sort_options": 0,
  "translatable": 0,
  "unique": 0,
  "width": null
 },
 {
  "allow_in_quick_entry": 0,
  "allow_on_submit": 0,
  "bold": 0,
  "collapsible": 0,
  "collapsible_depends_on": null,
  "columns": 0,
  "default": null,
  "depends_on": null,
  "description": null,
  "docstatus": 0,
  "doctype": "Custom Field",
  "dt": "Employee",
  "fetch_from": null,
  "fetch_if_empty": 0,
  "fieldname": "custom_machine_production_efficiency_allowance",
  "fieldtype": "Currency",
  "hidden": 0,
  "hide_border": 0,
  "hide_days": 0,
  "hide_seconds": 0,
  "ignore_user_permissions": 0,
  "ignore_xss_filter": 0,
  "in_global_search": 0,
  "in_list_view": 0,
  "in_preview": 0,
  "in_standard_filter": 0,
  "insert_after": "custom_color_matching_allowance",
  "is_system_generated": 0,
  "is_virtual": 0,
  "label": "Machine & Production Efficiency Allowance",
  "length": 0,
  "link_filters": null,
  "mandatory_depends_on": null,
  "modified": "2025-02-19 17:54:56.810967",
  "module": "Innovative HR",
  "name": "Employee-custom_machine_production_efficiency_allowance",
  "no_copy": 0,
  "non_negative": 0,
  "options": null,
  "permlevel": 0,
  "placeholder": null,
  "precision": "2",
  "print_hide": 0,
  "print_hide_if_no_value": 0,
  "print_width": null,
  "read_only": 0,
  "read_only_depends_on": null,
  "report_hide": 0,
  "reqd": 0,
  "search_index": 0,
  "show_dashboard": 0,
  "sort_options": 0,
  "translatable": 0,
  "unique": 0,
  "width": null
 },
 {
  "allow_in_quick_entry": 0,
  "allow_on_submit": 0,
  "bold": 0,
  "collapsible": 0,
  "collapsible_depends_on": null,
  "columns": 0,
  "default": null,
  "depends_on": null,
  "description": null,
  "docstatus": 0,
  "doctype": "Custom Field",
  "dt": "Employee",
  "fetch_from": null,
  "fetch_if_empty": 0,
  "fieldname": "custom_water_conservation_allowance",
  "fieldtype": "Currency",
  "hidden": 0,
  "hide_border": 0,
  "hide_days": 0,
  "hide_seconds": 0,
  "ignore_user_permissions": 0,
  "ignore_xss_filter": 0,
  "in_global_search": 0,
  "in_list_view": 0,
  "in_preview": 0,
  "in_standard_filter": 0,
  "insert_after": "custom_machine_production_efficiency_allowance",
  "is_system_generated": 0,
  "is_virtual": 0,
  "label": "Water Conservation Allowance",
  "length": 0,
  "link_filters": null,
  "mandatory_depends_on": null,
  "modified": "2025-02-19 17:54:56.996777",
  "module": "Innovative HR",
  "name": "Employee-custom_water_conservation_allowance",
  "no_copy": 0,
  "non_negative": 0,
  "options": null,
  "permlevel": 0,
  "placeholder": null,
  "precision": "2",
  "print_hide": 0,
  "print_hide_if_no_value": 0,
  "print_width": null,
  "read_only": 0,
  "read_only_depends_on": null,
  "report_hide": 0,
  "reqd": 0,
  "search_index": 0,
  "show_dashboard": 0,
  "sort_options": 0,
  "translatable": 0,
  "unique": 0,
  "width": null
 },
 {
  "allow_in_quick_entry": 0,
  "allow_on_submit": 0,
  "bold": 0,
  "collapsible": 0,
  "collapsible_depends_on": null,
  "columns": 0,
  "default": null,
  "depends_on": null,
  "description": null,
  "docstatus": 0,
  "doctype": "Custom Field",
  "dt": "Employee",
  "fetch_from": null,
  "fetch_if_empty": 0,
  "fieldname": "custom_column_break_69o4f",
  "fieldtype": "Column Break",
  "hidden": 0,
  "hide_border": 0,
  "hide_days": 0,
  "hide_seconds": 0,
  "ignore_user_permissions": 0,
  "ignore_xss_filter": 0,
  "in_global_search": 0,
  "in_list_view": 0,
  "in_preview": 0,
  "in_standard_filter": 0,
  "insert_after": "custom_water_conservation_allowance",
  "is_system_generated": 0,
  "is_virtual": 0,
  "label": "",
  "length": 0,
  "link_filters": null,
  "mandatory_depends_on": null,
  "modified": "2025-02-19 17:54:57.363612",
  "module": "Innovative HR",
  "name": "Employee-custom_column_break_69o4f",
  "no_copy": 0,
  "non_negative": 0,
  "options": null,
  "permlevel": 0,
  "placeholder": null,
  "precision": "",
  "print_hide": 0,
  "print_hide_if_no_value": 0,
  "print_width": null,
  "read_only": 0,
  "read_only_depends_on": null,
  "report_hide": 0,
  "reqd": 0,
  "search_index": 0,
  "show_dashboard": 0,
  "sort_options": 0,
  "translatable": 0,
  "unique": 0,
  "width": null
 },
 {
  "allow_in_quick_entry": 0,
  "allow_on_submit": 0,
  "bold": 0,
  "collapsible": 0,
  "collapsible_depends_on": null,
  "columns": 0,
  "default": null,
  "depends_on": null,
  "description": null,
  "docstatus": 0,
  "doctype": "Custom Field",
  "dt": "Employee",
  "fetch_from": null,
  "fetch_if_empty": 0,
  "fieldname": "custom_least_fabric_rejection_allowance",
  "fieldtype": "Currency",
  "hidden": 0,
  "hide_border": 0,
  "hide_days": 0,
  "hide_seconds": 0,
  "ignore_user_permissions": 0,
  "ignore_xss_filter": 0,
  "in_global_search": 0,
  "in_list_view": 0,
  "in_preview": 0,
  "in_standard_filter": 0,
  "insert_after": "custom_column_break_69o4f",
  "is_system_generated": 0,
  "is_virtual": 0,
  "label": "Least Fabric Rejection Allowance",
  "length": 0,
  "link_filters": null,
  "mandatory_depends_on": null,
  "modified": "2025-02-19 17:54:57.541195",
  "module": "Innovative HR",
  "name": "Employee-custom_least_fabric_rejection_allowance",
  "no_copy": 0,
  "non_negative": 0,
  "options": null,
  "permlevel": 0,
  "placeholder": null,
  "precision": "2",
  "print_hide": 0,
  "print_hide_if_no_value": 0,
  "print_width": null,
  "read_only": 0,
  "read_only_depends_on": null,
  "report_hide": 0,
  "reqd": 0,
  "search_index": 0,
  "show_dashboard": 0,
  "sort_options": 0,
  "translatable": 0,
  "unique": 0,
  "width": null
 },
 {
  "allow_in_quick_entry": 0,
  "allow_on_submit": 0,
  "bold": 0,
  "collapsible": 0,
  "collapsible_depends_on": null,
  "columns": 0,
  "default": null,
  "depends_on": null,
  "description": null,
  "docstatus": 0,
  "doctype": "Custom Field",
  "dt": "Employee",
  "fetch_from": null,
  "fetch_if_empty": 0,
  "fieldname": "custom_shrincage_gsm_matching_allowance",
  "fieldtype": "Currency",
  "hidden": 0,
  "hide_border": 0,
  "hide_days": 0,
  "hide_seconds": 0,
  "ignore_user_permissions": 0,
  "ignore_xss_filter": 0,
  "in_global_search": 0,
  "in_list_view": 0,
  "in_preview": 0,
  "in_standard_filter": 0,
  "insert_after": "custom_least_fabric_rejection_allowance",
  "is_system_generated": 0,
  "is_virtual": 0,
  "label": "Shrincage & GSM Matching Allowance",
  "length": 0,
  "link_filters": null,
  "mandatory_depends_on": null,
  "modified": "2025-02-19 17:54:57.723714",
  "module": "Innovative HR",
  "name": "Employee-custom_shrincage_gsm_matching_allowance",
  "no_copy": 0,
  "non_negative": 0,
  "options": null,
  "permlevel": 0,
  "placeholder": null,
  "precision": "2",
  "print_hide": 0,
  "print_hide_if_no_value": 0,
  "print_width": null,
  "read_only": 0,
  "read_only_depends_on": null,
  "report_hide": 0,
  "reqd": 0,
  "search_index": 0,
  "show_dashboard": 0,
  "sort_options": 0,
  "translatable": 0,
  "unique": 0,
  "width": null
 },
 {
  "allow_in_quick_entry": 0,
  "allow_on_submit": 0,
  "bold": 0,
  "collapsible": 0,
  "collapsible_depends_on": null,
  "columns": 0,
  "default": null,
  "depends_on": null,
  "description": null,
  "docstatus": 0,
  "doctype": "Custom Field",
  "dt": "Employee",
  "fetch_from": null,
  "fetch_if_empty": 0,
  "fieldname": "custom_canteen_allowance",
  "fieldtype": "Currency",
  "hidden": 0,
  "hide_border": 0,
  "hide_days": 0,
  "hide_seconds": 0,
  "ignore_user_permissions": 0,
  "ignore_xss_filter": 0,
  "in_global_search": 0,
  "in_list_view": 0,
  "in_preview": 0,
  "in_standard_filter": 0,
  "insert_after": "custom_shrincage_gsm_matching_allowance",
  "is_system_generated": 0,
  "is_virtual": 0,
  "label": "Canteen Allowance",
  "length": 0,
  "link_filters": null,
  "mandatory_depends_on": null,
  "modified": "2025-02-19 17:54:58.475376",
  "module": "Innovative HR",
  "name": "Employee-custom_canteen_allowance",
  "no_copy": 0,
  "non_negative": 0,
  "options": null,
  "permlevel": 0,
  "placeholder": null,
  "precision": "2",
  "print_hide": 0,
  "print_hide_if_no_value": 0,
  "print_width": null,
  "read_only": 0,
  "read_only_depends_on": null,
  "report_hide": 0,
  "reqd": 0,
  "search_index": 0,
  "show_dashboard": 0,
  "sort_options": 0,
  "translatable": 0,
  "unique": 0,
  "width": null
 },
 {
  "allow_in_quick_entry": 0,
  "allow_on_submit": 0,
  "bold": 0,
  "collapsible": 0,
  "collapsible_depends_on": null,
  "columns": 0,
  "default": null,
  "depends_on": null,
  "description": null,
  "docstatus": 0,
  "doctype": "Custom Field",
  "dt": "Employee",
  "fetch_from": null,
  "fetch_if_empty": 0,
  "fieldname": "custom_department_housekeeping_allowance",
  "fieldtype": "Currency",
  "hidden": 0,
  "hide_border": 0,
  "hide_days": 0,
  "hide_seconds": 0,
  "ignore_user_permissions": 0,
  "ignore_xss_filter": 0,
  "in_global_search": 0,
  "in_list_view": 0,
  "in_preview": 0,
  "in_standard_filter": 0,
  "insert_after": "custom_canteen_allowance",
  "is_system_generated": 0,
  "is_virtual": 0,
  "label": "Department Housekeeping Allowance",
  "length": 0,
  "link_filters": null,
  "mandatory_depends_on": null,
  "modified": "2025-02-19 17:54:57.909125",
  "module": "Innovative HR",
  "name": "Employee-custom_department_housekeeping_allowance",
  "no_copy": 0,
  "non_negative": 0,
  "options": null,
  "permlevel": 0,
  "placeholder": null,
  "precision": "2",
  "print_hide": 0,
  "print_hide_if_no_value": 0,
  "print_width": null,
  "read_only": 0,
  "read_only_depends_on": null,
  "report_hide": 0,
  "reqd": 0,
  "search_index": 0,
  "show_dashboard": 0,
  "sort_options": 0,
  "translatable": 0,
  "unique": 0,
  "width": null
 },
 {
  "allow_in_quick_entry": 0,
  "allow_on_submit": 0,
  "bold": 0,
  "collapsible": 0,
  "collapsible_depends_on": null,
  "columns": 0,
  "default": null,
  "depends_on": null,
  "description": null,
  "docstatus": 0,
  "doctype": "Custom Field",
  "dt": "Employee",
  "fetch_from": null,
  "fetch_if_empty": 0,
  "fieldname": "custom_electricity_conservation_allowance",
  "fieldtype": "Currency",
  "hidden": 0,
  "hide_border": 0,
  "hide_days": 0,
  "hide_seconds": 0,
  "ignore_user_permissions": 0,
  "ignore_xss_filter": 0,
  "in_global_search": 0,
  "in_list_view": 0,
  "in_preview": 0,
  "in_standard_filter": 0,
  "insert_after": "custom_department_housekeeping_allowance",
  "is_system_generated": 0,
  "is_virtual": 0,
  "label": "Electricity Conservation Allowance",
  "length": 0,
  "link_filters": null,
  "mandatory_depends_on": null,
  "modified": "2025-02-19 17:54:58.112773",
  "module": "Innovative HR",
  "name": "Employee-custom_electricity_conservation_allowance",
  "no_copy": 0,
  "non_negative": 0,
  "options": null,
  "permlevel": 0,
  "placeholder": null,
  "precision": "2",
  "print_hide": 0,
  "print_hide_if_no_value": 0,
  "print_width": null,
  "read_only": 0,
  "read_only_depends_on": null,
  "report_hide": 0,
  "reqd": 0,
  "search_index": 0,
  "show_dashboard": 0,
  "sort_options": 0,
  "translatable": 0,
  "unique": 0,
  "width": null
 },
 {
  "allow_in_quick_entry": 0,
  "allow_on_submit": 0,
  "bold": 0,
  "collapsible": 0,
  "collapsible_depends_on": null,
  "columns": 0,
  "default": null,
  "depends_on": null,
  "description": null,
  "docstatus": 0,
  "doctype": "Custom Field",
  "dt": "Employee",
  "fetch_from": null,
  "fetch_if_empty": 0,
  "fieldname": "custom_sustainability_adherence_allowance",
  "fieldtype": "Currency",
  "hidden": 0,
  "hide_border": 0,
  "hide_days": 0,
  "hide_seconds": 0,
  "ignore_user_permissions": 0,
  "ignore_xss_filter": 0,
  "in_global_search": 0,
  "in_list_view": 0,
  "in_preview": 0,
  "in_standard_filter": 0,
  "insert_after": "custom_electricity_conservation_allowance",
  "is_system_generated": 0,
  "is_virtual": 0,
  "label": "Sustainability Adherence Allowance",
  "length": 0,
  "link_filters": null,
  "mandatory_depends_on": null,
  "modified": "2025-02-19 17:54:58.302199",
  "module": "Innovative HR",
  "name": "Employee-custom_sustainability_adherence_allowance",
  "no_copy": 0,
  "non_negative": 0,
  "options": null,
  "permlevel": 0,
  "placeholder": null,
  "precision": "2",
  "print_hide": 0,
  "print_hide_if_no_value": 0,
  "print_width": null,
  "read_only": 0,
  "read_only_depends_on": null,
  "report_hide": 0,
  "reqd": 0,
  "search_index": 0,
  "show_dashboard": 0,
  "sort_options": 0,
  "translatable": 0,
  "unique": 0,
  "width": null
 },
 {
  "allow_in_quick_entry": 0,
  "allow_on_submit": 0,
  "bold": 0,
  "collapsible": 0,
  "collapsible_depends_on": null,
  "columns": 0,
  "default": null,
  "depends_on": null,
  "description": null,
  "docstatus": 0,
  "doctype": "Custom Field",
  "dt": "Employee",
  "fetch_from": null,
  "fetch_if_empty": 0,
  "fieldname": "custom_sop_implementation_allowance",
  "fieldtype": "Currency",
  "hidden": 0,
  "hide_border": 0,
  "hide_days": 0,
  "hide_seconds": 0,
  "ignore_user_permissions": 0,
  "ignore_xss_filter": 0,
  "in_global_search": 0,
  "in_list_view": 0,
  "in_preview": 0,
  "in_standard_filter": 0,
  "insert_after": "custom_sustainability_adherence_allowance",
  "is_system_generated": 0,
  "is_virtual": 0,
  "label": "SOP Implementation Allowance",
  "length": 0,
  "link_filters": null,
  "mandatory_depends_on": null,
  "modified": "2025-02-19 17:54:57.190958",
  "module": "Innovative HR",
  "name": "Employee-custom_sop_implementation_allowance",
  "no_copy": 0,
  "non_negative": 0,
  "options": null,
  "permlevel": 0,
  "placeholder": null,
  "precision": "2",
  "print_hide": 0,
  "print_hide_if_no_value": 0,
  "print_width": null,
  "read_only": 0,
  "read_only_depends_on": null,
  "report_hide": 0,
  "reqd": 0,
  "search_index": 0,
  "show_dashboard": 0,
  "sort_options": 0,
  "translatable": 0,
  "unique": 0,
  "width": null
 }
]