[
 {
  "default_value": null,
  "doc_type": "Salary Slip",
  "docstatus": 0,
  "doctype": "Property Setter",
  "doctype_or_field": "DocType",
  "field_name": null,
  "is_system_generated": 0,
  "modified": "2025-02-03 18:27:44.441206",
  "module": "Innovative HR",
  "name": "Salary Slip-main-field_order",
  "property": "field_order",
  "property_type": "Data",
  "row_name": null,
  "value": "[\"employee_and_payroll_tab\", \"section_break_6\", \"employee\", \"employee_name\", \"company\", \"department\", \"designation\", \"branch\", \"column_break_obdl\", \"posting_date\", \"letter_head\", \"column_break_18\", \"status\", \"salary_withholding\", \"salary_withholding_cycle\", \"currency\", \"exchange_rate\", \"section_break_gsts\", \"payroll_frequency\", \"start_date\", \"end_date\", \"column_break_ptcc\", \"salary_structure\", \"payroll_entry\", \"mode_of_payment\", \"column_break_wyhp\", \"salary_slip_based_on_timesheet\", \"section_break_gerh\", \"deduct_tax_for_unclaimed_employee_benefits\", \"deduct_tax_for_unsubmitted_tax_exemption_proof\", \"payment_days_tab\", \"total_working_days\", \"unmarked_days\", \"leave_without_pay\", \"column_break_geio\", \"absent_days\", \"payment_days\", \"ot_hours\", \"help_section\", \"payment_days_calculation_help\", \"earnings_and_deductions_tab\", \"timesheets_section\", \"timesheets\", \"column_break_ghjr\", \"total_working_hours\", \"hour_rate\", \"base_hour_rate\", \"earning_deduction_sb\", \"earnings\", \"column_break_k1jz\", \"deductions\", \"totals\", \"gross_pay\", \"base_gross_pay\", \"gross_year_to_date\", \"base_gross_year_to_date\", \"column_break_25\", \"total_deduction\", \"base_total_deduction\", \"net_pay_info\", \"net_pay\", \"base_net_pay\", \"rounded_total\", \"base_rounded_total\", \"column_break_dqnd\", \"year_to_date\", \"base_year_to_date\", \"month_to_date\", \"base_month_to_date\", \"section_break_55\", \"total_in_words\", \"column_break_69\", \"base_total_in_words\", \"income_tax_calculation_breakup_section\", \"ctc\", \"income_from_other_sources\", \"total_earnings\", \"column_break_0rsw\", \"non_taxable_earnings\", \"standard_tax_exemption_amount\", \"tax_exemption_declaration\", \"deductions_before_tax_calculation\", \"annual_taxable_amount\", \"column_break_35wb\", \"income_tax_deducted_till_date\", \"current_month_income_tax\", \"future_income_tax_deductions\", \"total_income_tax\", \"section_break_75\", \"journal_entry\", \"amended_from\", \"column_break_ieob\", \"bank_name\", \"bank_account_no\", \"leave_details_section\", \"leave_details\"]"
 },
 {
  "default_value": null,
  "doc_type": "Employee",
  "docstatus": 0,
  "doctype": "Property Setter",
  "doctype_or_field": "DocField",
  "field_name": "employment_type",
  "is_system_generated": 0,
  "modified": "2025-02-03 18:40:34.397127",
  "module": "Innovative HR",
  "name": "Employee-employment_type-reqd",
  "property": "reqd",
  "property_type": "Check",
  "row_name": null,
  "value": "1"
 },
 {
  "default_value": null,
  "doc_type": "Salary Structure Assignment",
  "docstatus": 0,
  "doctype": "Property Setter",
  "doctype_or_field": "DocField",
  "field_name": "base",
  "is_system_generated": 0,
  "modified": "2025-02-03 18:28:02.188173",
  "module": "Innovative HR",
  "name": "Salary Structure Assignment-base-fetch_from",
  "property": "fetch_from",
  "property_type": "Small Text",
  "row_name": null,
  "value": "employee.custom_gross_salary"
 },
 {
  "default_value": null,
  "doc_type": "Employee",
  "docstatus": 0,
  "doctype": "Property Setter",
  "doctype_or_field": "DocType",
  "field_name": null,
  "is_system_generated": 0,
  "modified": "2025-03-05 14:06:46.911774",
  "module": "Innovative HR",
  "name": "Employee-main-field_order",
  "property": "field_order",
  "property_type": "Data",
  "row_name": null,
  "value": "[\"basic_details_tab\", \"basic_information\", \"employee\", \"naming_series\", \"employee_number\", \"first_name\", \"middle_name\", \"last_name\", \"employee_name\", \"column_break_9\", \"gender\", \"date_of_birth\", \"salutation\", \"column_break1\", \"date_of_joining\", \"image\", \"status\", \"erpnext_user\", \"user_id\", \"create_user\", \"create_user_permission\", \"company_details_section\", \"company\", \"department\", \"employment_type\", \"custom_contractor\", \"column_break_25\", \"custom_sub_department\", \"designation\", \"reports_to\", \"column_break_18\", \"branch\", \"grade\", \"custom_reporting_manager_name\", \"employment_details\", \"job_applicant\", \"scheduled_confirmation_date\", \"column_break_32\", \"final_confirmation_date\", \"contract_end_date\", \"col_break_22\", \"notice_number_of_days\", \"date_of_retirement\", \"contact_details\", \"cell_number\", \"column_break_40\", \"personal_email\", \"company_email\", \"column_break4\", \"prefered_contact_email\", \"prefered_email\", \"unsubscribed\", \"address_section\", \"current_address\", \"current_accommodation_type\", \"column_break_46\", \"permanent_address\", \"permanent_accommodation_type\", \"emergency_contact_details\", \"person_to_be_contacted\", \"column_break_55\", \"emergency_phone_number\", \"column_break_19\", \"relation\", \"attendance_and_leave_details\", \"attendance_device_id\", \"column_break_44\", \"holiday_list\", \"default_shift\", \"approvers_section\", \"expense_approver\", \"leave_approver\", \"column_break_45\", \"shift_request_approver\", \"salary_information\", \"ctc\", \"salary_currency\", \"salary_mode\", \"salary_cb\", \"payroll_cost_center\", \"pan_number\", \"provident_fund_account\", \"custom_bus_consent\", \"bank_details_section\", \"bank_name\", \"column_break_heye\", \"bank_ac_no\", \"bank_cb\", \"ifsc_code\", \"micr_code\", \"iban\", \"custom_salary_breakup\", \"custom_gross_salary\", \"custom_basic\", \"custom_da_special_allowance\", \"custom_hra\", \"custom_color_matching_allowance\", \"custom_machine_production_efficiency_allowance\", \"custom_water_conservation_allowance\", \"custom_column_break_69o4f\", \"custom_least_fabric_rejection_allowance\", \"custom_shrincage_gsm_matching_allowance\", \"custom_canteen_allowance\", \"custom_department_housekeeping_allowance\", \"custom_electricity_conservation_allowance\", \"custom_sustainability_adherence_allowance\", \"custom_sop_implementation_allowance\", \"personal_details\", \"marital_status\", \"family_background\", \"column_break6\", \"blood_group\", \"health_details\", \"health_insurance_section\", \"health_insurance_provider\", \"health_insurance_no\", \"passport_details_section\", \"passport_number\", \"valid_upto\", \"column_break_73\", \"date_of_issue\", \"place_of_issue\", \"profile_tab\", \"bio\", \"educational_qualification\", \"education\", \"previous_work_experience\", \"external_work_history\", \"history_in_company\", \"internal_work_history\", \"exit\", \"resignation_letter_date\", \"relieving_date\", \"exit_interview_details\", \"held_on\", \"new_workplace\", \"column_break_99\", \"leave_encashed\", \"encashment_date\", \"feedback_section\", \"reason_for_leaving\", \"column_break_104\", \"feedback\", \"lft\", \"rgt\", \"old_parent\", \"connections_tab\"]"
 }
]