[
 {
  "docstatus": 0,
  "doctype": "Workflow State",
  "icon": "question-sign",
  "modified": "2025-01-28 15:40:03.438299",
  "name": "Pending",
  "style": "",
  "workflow_state_name": "Pending"
 },
 {
  "docstatus": 0,
  "doctype": "Workflow State",
  "icon": "ok-sign",
  "modified": "2025-01-28 15:40:03.440381",
  "name": "Approved",
  "style": "Success",
  "workflow_state_name": "Approved"
 },
 {
  "docstatus": 0,
  "doctype": "Workflow State",
  "icon": "remove",
  "modified": "2025-01-28 15:40:03.441627",
  "name": "Rejected",
  "style": "Danger",
  "workflow_state_name": "Rejected"
 }
]